filename,width,height,class,xmin,ymin,xmax,ymax
IMG-20191008-WA0015.jpg,1152,532,dettol,351,51,531,232
IMG-20191008-WA0015.jpg,1152,532,rin,561,10,768,288
IMG-20191008-WA0015.jpg,1152,532,santoor,334,309,502,490
IMG-20191008-WA0015.jpg,1152,532,rin,529,317,721,529
IMG-20191008-WA0016.jpg,1152,532,santoor,356,225,572,392
IMG-20191008-WA0016.jpg,1152,532,rin,580,234,958,392
IMG-20191008-WA0017.jpg,532,1152,colgate,124,227,293,1021
IMG-20191008-WA0018.jpg,532,1152,rin,163,309,414,479
IMG-20191008-WA0018.jpg,532,1152,5star,17,621,240,721
IMG-20191008-WA0018.jpg,532,1152,vim,263,563,410,814
IMG-20191008-WA0019.jpg,532,1152,rin,1,830,112,932
IMG-20191008-WA0019.jpg,532,1152,5star,22,256,163,314
IMG-20191008-WA0019.jpg,532,1152,hideandseek,178,277,459,362
IMG-20191008-WA0019.jpg,532,1152,hideandseek,184,404,428,493
IMG-20191008-WA0019.jpg,532,1152,colgate,196,509,424,577
IMG-20191008-WA0019.jpg,532,1152,daburred,182,593,445,665
IMG-20191008-WA0019.jpg,532,1152,colgate,163,693,477,795
IMG-20191008-WA0020.jpg,532,1152,colgate,177,256,317,967
IMG-20191008-WA0021.jpg,1152,532,colgate,257,163,867,294
IMG-20191008-WA0021.jpg,1152,532,colgate,357,368,771,453
IMG-20191008-WA0022.jpg,532,1152,vim,268,16,357,162
IMG-20191008-WA0022.jpg,532,1152,5star,426,69,532,192
IMG-20191008-WA0022.jpg,532,1152,daburred,145,342,400,406
IMG-20191008-WA0022.jpg,532,1152,colgate,336,413,431,721
IMG-20191008-WA0022.jpg,532,1152,hideandseek,10,414,101,697
IMG-20191008-WA0022.jpg,532,1152,hideandseek,112,684,349,786
IMG-20191008-WA0022.jpg,532,1152,colgate,133,437,184,658
IMG-20191008-WA0022.jpg,532,1152,rin,221,476,315,628
IMG-20191008-WA0023.jpg,1152,532,colgate,373,32,888,185
IMG-20191008-WA0023.jpg,1152,532,daburred,406,239,838,346
IMG-20191008-WA0023.jpg,1152,532,colgate,458,382,817,483
IMG-20191008-WA0024.jpg,1152,532,hideandseek,352,193,434,438
IMG-20191008-WA0024.jpg,1152,532,colgate,429,433,753,506
IMG-20191008-WA0024.jpg,1152,532,colgate,471,175,705,223
IMG-20191008-WA0024.jpg,1152,532,hideandseek,433,64,723,160
IMG-20191008-WA0024.jpg,1152,532,santoor,354,60,436,191
IMG-20191008-WA0024.jpg,1152,532,dettol,445,241,584,324
IMG-20191008-WA0024.jpg,1152,532,5star,597,249,733,305
IMG-20191008-WA0024.jpg,1152,532,rin,440,323,592,418
IMG-20191008-WA0024.jpg,1152,532,vim,598,315,745,407
IMG-20191008-WA0024.jpg,1152,532,daburred,755,231,823,505
IMG-20191008-WA0024.jpg,1152,532,rin,732,20,815,230
IMG-20191008-WA0025.jpg,1152,532,hideandseek,328,69,469,488
IMG-20191008-WA0025.jpg,1152,532,vim,520,188,660,429
IMG-20191008-WA0025.jpg,1152,532,5star,698,202,783,428
IMG-20191008-WA0026.jpg,1152,532,rin,449,128,741,265
IMG-20191008-WA0026.jpg,1152,532,dettol,427,329,600,451
IMG-20191008-WA0027.jpg,1152,532,vim,345,199,517,490
IMG-20191008-WA0027.jpg,1152,532,dettol,581,44,828,207
IMG-20191008-WA0027.jpg,1152,532,rin,554,280,869,464
IMG-20191008-WA0028.jpg,1152,532,hideandseek,229,40,354,383
IMG-20191008-WA0028.jpg,1152,532,colgate,400,52,723,115
IMG-20191008-WA0028.jpg,1152,532,rin,460,187,675,321
IMG-20191008-WA0028.jpg,1152,532,colgate,330,365,774,485
IMG-20191008-WA0028.jpg,1152,532,santoor,1018,351,1145,532
IMG-20191008-WA0029.jpg,532,1152,daburred,184,344,449,409
IMG-20191008-WA0029.jpg,532,1152,hideandseek,54,434,152,723
IMG-20191008-WA0029.jpg,532,1152,hideandseek,171,716,408,811
IMG-20191008-WA0029.jpg,532,1152,colgate,405,430,493,739
IMG-20191008-WA0029.jpg,532,1152,colgate,163,455,212,681
IMG-20191008-WA0029.jpg,532,1152,dettol,221,570,310,706
IMG-20191008-WA0029.jpg,532,1152,rin,312,576,401,723
IMG-20191008-WA0029.jpg,532,1152,5star,240,434,294,563
IMG-20191008-WA0029.jpg,532,1152,vim,307,425,386,555
IMG-20191008-WA0030.jpg,532,1152,daburred,49,183,438,286
IMG-20191008-WA0030.jpg,532,1152,colgate,368,297,484,755
IMG-20191008-WA0030.jpg,532,1152,colgate,52,348,129,674
IMG-20191008-WA0030.jpg,532,1152,rin,187,404,331,618
IMG-20191008-WA0030.jpg,532,1152,hideandseek,38,723,391,855
IMG-20191008-WA0031.jpg,532,1152,colgate,45,376,180,860
IMG-20191008-WA0031.jpg,532,1152,rin,215,514,364,746
IMG-20191008-WA0031.jpg,532,1152,colgate,419,449,505,786
IMG-20191008-WA0032.jpg,532,1152,vim,17,232,312,416
IMG-20191008-WA0032.jpg,532,1152,dettol,203,427,454,616
IMG-20191008-WA0032.jpg,532,1152,rin,38,625,335,807
IMG-20191008-WA0033.jpg,532,1152,colgate,208,255,336,967
IMG-20191008-WA0034.jpg,532,1152,vim,193,262,322,895
IMG-20191008-WA0035.jpg,532,1152,vim,108,423,396,953
IMG-20191008-WA0036.jpg,532,1152,colgate,171,223,336,923
IMG-20191008-WA0037.jpg,532,1152,vim,166,327,270,1009
IMG-20191008-WA0038.jpg,1152,532,vim,320,133,767,364
IMG-20191008-WA0039.jpg,1152,532,rin,364,159,577,316
IMG-20191008-WA0039.jpg,1152,532,rin,579,21,828,277
IMG-20191008-WA0039.jpg,1152,532,hideandseek,466,344,834,474
IMG-20191008-WA0040.jpg,1152,532,rin,182,77,934,437
IMG-20191008-WA0041.jpg,532,1152,rin,133,390,275,972
IMG-20191008-WA0042.jpg,532,1152,rin,145,374,421,1025
IMG-20191008-WA0043.jpg,1152,532,rin,410,117,921,434
IMG-20191008-WA0044.jpg,1152,532,hideandseek,311,171,1119,382
IMG-20191008-WA0045.jpg,532,1152,rin,178,611,354,1152
IMG-20191008-WA0046.jpg,532,1152,rin,221,416,382,1097
IMG-20191008-WA0047.jpg,532,1152,rin,22,421,247,756
IMG-20191008-WA0047.jpg,532,1152,hideandseek,271,307,461,860
IMG-20191008-WA0048.jpg,1152,532,hideandseek,412,302,852,483
IMG-20191008-WA0048.jpg,1152,532,rin,491,160,764,325
IMG-20191008-WA0048.jpg,1152,532,rin,459,15,849,168
IMG-20191008-WA0049.jpg,532,1152,rin,71,423,417,906
IMG-20191008-WA0050.jpg,1152,532,hideandseek,187,67,908,323
IMG-20191008-WA0051.jpg,532,1152,hideandseek,112,218,401,983
IMG-20191008-WA0052.jpg,532,1152,daburred,196,272,377,1056
IMG-20191008-WA0053.jpg,532,1152,daburred,15,218,501,846
IMG-20191008-WA0054.jpg,532,1152,daburred,157,174,338,955
IMG-20191008-WA0055.jpg,532,1152,daburred,131,216,321,986
IMG-20191008-WA0056.jpg,1152,532,santoor,292,3,828,532
IMG-20191008-WA0057.jpg,532,1152,dettol,161,395,433,813
IMG-20191008-WA0058.jpg,1152,532,santoor,392,144,881,436
IMG-20191008-WA0059.jpg,532,1152,dettol,59,314,517,735
IMG-20191008-WA0061.jpg,532,1152,daburred,193,183,359,1032
IMG-20191008-WA0062.jpg,1152,532,hideandseek,133,164,966,290
IMG_20191001_221941.jpg,520,390,rin,228,93,318,241
IMG_20191001_222001.jpg,390,520,rin,146,253,315,286
IMG_20191001_222014.jpg,390,520,rin,123,240,287,279
IMG_20191001_222146.jpg,390,520,hideandseek,83,230,352,302
IMG_20191001_222206.jpg,390,520,hideandseek,103,210,344,298
IMG_20191002_082758.jpg,390,520,rin,92,123,311,357
IMG_20191002_082804.jpg,390,520,rin,146,141,243,357
IMG_20191002_082811.jpg,390,520,rin,92,142,330,353
IMG_20191002_082819.jpg,390,520,rin,110,161,346,363
IMG_20191002_082824.jpg,390,520,rin,174,142,289,369
IMG_20191002_082855.jpg,390,520,rin,73,150,314,308
IMG_20191002_082909.jpg,390,520,rin,146,165,220,393
IMG_20191002_082917.jpg,390,520,rin,82,196,284,363
IMG_20191002_082925.jpg,390,520,rin,192,101,271,330
IMG_20191002_082957.jpg,390,520,rin,100,99,301,282
IMG_20191002_083008.jpg,390,520,rin,135,131,248,338
IMG_20191002_083016.jpg,390,520,rin,93,123,300,310
IMG_20191002_083025.jpg,390,520,rin,165,126,270,319
IMG_20191002_083039.jpg,390,520,rin,133,75,311,275
IMG_20191002_083046.jpg,390,520,rin,179,130,235,362
IMG_20191002_083052.jpg,390,520,rin,118,156,329,305
IMG_20191002_083059.jpg,390,520,rin,177,93,248,321
IMG_20191002_083739.jpg,390,520,rin,121,130,285,221
IMG_20191002_083747.jpg,390,520,rin,133,164,319,338
IMG_20191002_083759.jpg,390,520,rin,115,181,277,342
IMG_20191002_083804.jpg,390,520,rin,89,203,268,301
IMG_20191002_083836.jpg,520,390,rin,111,138,296,311
IMG_20191002_083842.jpg,520,390,rin,163,151,318,237
IMG_20191002_083847.jpg,520,390,rin,154,100,305,284
IMG_20191002_083904.jpg,520,390,rin,260,115,418,279
IMG_20191002_083916.jpg,520,390,rin,219,117,385,269
IMG_20191002_083928.jpg,520,390,rin,236,159,384,266
IMG_20191002_083934.jpg,520,390,rin,233,132,375,291
IMG_20191002_083940.jpg,520,390,rin,214,135,392,275
IMG_20191002_083946.jpg,520,390,rin,236,174,386,277
IMG_20191002_085850.jpg,390,520,vim,146,172,285,331
IMG_20191002_085856.jpg,390,520,vim,169,155,295,317
IMG_20191002_085921.jpg,390,520,vim,119,178,276,323
IMG_20191002_085931.jpg,390,520,vim,129,198,303,283
IMG_20191002_085941.jpg,390,520,vim,159,162,256,321
IMG_20191002_090021.jpg,390,520,vim,116,151,290,305
IMG_20191002_090027.jpg,390,520,vim,159,162,267,305
IMG_20191002_090045.jpg,390,520,vim,116,156,295,301
IMG_20191002_090050.jpg,390,520,vim,132,181,292,279
IMG_20191002_090109.jpg,390,520,vim,137,130,306,297
IMG_20191002_090129.jpg,390,520,dettol,144,151,296,309
IMG_20191002_090137.jpg,390,520,dettol,171,162,262,298
IMG_20191002_090144.jpg,390,520,dettol,122,166,285,291
IMG_20191002_090150.jpg,390,520,dettol,127,177,258,269
IMG_20191002_090159.jpg,390,520,dettol,133,150,274,304
IMG_20191002_090206.jpg,390,520,dettol,176,156,265,291
IMG_20191002_090215.jpg,390,520,dettol,149,174,301,326
IMG_20191002_090221.jpg,390,520,dettol,176,193,283,328
IMG_20191002_090229.jpg,390,520,dettol,114,174,296,321
IMG_20191002_090234.jpg,390,520,dettol,148,186,289,282
IMG_20191002_090240.jpg,390,520,dettol,142,158,295,304
IMG_20191002_090247.jpg,390,520,dettol,196,162,282,290
IMG_20191002_090334.jpg,390,520,santoor,157,175,296,300
IMG_20191002_090341.jpg,390,520,santoor,175,171,260,294
IMG_20191002_090351.jpg,390,520,santoor,143,176,301,283
IMG_20191002_090357.jpg,390,520,santoor,152,176,285,268
IMG_20191002_090404.jpg,390,520,santoor,144,136,289,288
IMG_20191002_090410.jpg,390,520,santoor,205,168,283,292
IMG_20191002_090422.jpg,390,520,santoor,173,197,314,312
IMG_20191002_090428.jpg,390,520,santoor,211,200,296,318
IMG_20191002_090434.jpg,390,520,santoor,159,199,281,334
IMG_20191002_090440.jpg,390,520,santoor,165,230,292,305
IMG_20191002_090445.jpg,390,520,santoor,161,192,297,326
IMG_20191002_090451.jpg,390,520,santoor,204,197,293,322
IMG_20191002_090730.jpg,390,520,colgate,37,131,348,378
IMG_20191002_090736.jpg,390,520,colgate,161,97,248,418
IMG_20191002_090743.jpg,390,520,colgate,74,57,296,377
IMG_20191002_090750.jpg,390,520,colgate,48,197,370,268
IMG_20191002_090758.jpg,390,520,colgate,34,91,357,352
IMG_20191002_090808.jpg,390,520,colgate,190,57,260,381
IMG_20191002_090822.jpg,390,520,colgate,57,112,378,331
IMG_20191002_090831.jpg,390,520,colgate,164,63,257,391
IMG_20191002_090837.jpg,390,520,colgate,73,71,341,349
IMG_20191002_090842.jpg,390,520,colgate,12,151,380,266
IMG_20191002_090849.jpg,390,520,colgate,45,90,355,328
IMG_20191002_090855.jpg,390,520,colgate,152,47,281,372
IMG_20191002_090906.jpg,390,520,colgate,70,119,381,330
IMG_20191002_090913.jpg,390,520,colgate,166,56,274,361
IMG_20191002_090921.jpg,390,520,colgate,41,79,348,347
IMG_20191002_090932.jpg,390,520,colgate,47,168,362,248
IMG_20191002_090939.jpg,390,520,colgate,63,47,368,306
IMG_20191002_090949.jpg,390,520,colgate,161,50,249,368
IMG_20191002_090959.jpg,390,520,colgate,42,177,384,287
IMG_20191002_091005.jpg,390,520,colgate,67,127,377,359
IMG_20191002_091011.jpg,390,520,colgate,159,68,295,397
IMG_20191002_091018.jpg,390,520,colgate,65,84,360,367
IMG_20191002_091024.jpg,390,520,colgate,29,204,355,268
IMG_20191002_091029.jpg,390,520,colgate,65,108,352,384
IMG_20191002_091035.jpg,390,520,colgate,175,53,273,385
IMG_20191002_091109.jpg,390,520,daburred,93,138,352,327
IMG_20191002_091114.jpg,390,520,daburred,158,116,280,375
IMG_20191002_091120.jpg,390,520,daburred,90,86,297,348
IMG_20191002_091126.jpg,390,520,daburred,94,211,363,264
IMG_20191002_091131.jpg,390,520,daburred,111,123,359,345
IMG_20191002_091138.jpg,390,520,daburred,178,86,248,352
IMG_20191002_091159.jpg,390,520,daburred,72,98,320,316
IMG_20191002_091204.jpg,390,520,daburred,140,90,226,364
IMG_20191002_091211.jpg,390,520,daburred,47,95,299,308
IMG_20191002_091219.jpg,390,520,daburred,22,189,298,230
IMG_20191002_091225.jpg,390,520,daburred,33,131,286,309
IMG_20191002_091232.jpg,390,520,daburred,152,68,223,344
IMG_20191002_091242.jpg,390,520,daburred,97,113,348,336
IMG_20191002_091253.jpg,390,520,daburred,175,73,260,343
IMG_20191002_091300.jpg,390,520,daburred,102,67,321,326
IMG_20191002_091306.jpg,390,520,daburred,50,192,314,238
IMG_20191002_091312.jpg,390,520,daburred,71,123,289,339
IMG_20191002_091318.jpg,390,520,daburred,187,70,278,333
IMG_20191002_091329.jpg,390,520,daburred,108,135,359,348
IMG_20191002_091336.jpg,390,520,daburred,174,138,265,407
IMG_20191002_091341.jpg,390,520,daburred,81,93,333,349
IMG_20191002_091347.jpg,390,520,daburred,65,190,344,251
IMG_20191002_091351.jpg,390,520,daburred,107,108,315,353
IMG_20191002_091356.jpg,390,520,daburred,191,93,245,364
IMG_20191002_091427.jpg,520,390,hideandseek,113,32,315,297
IMG_20191002_091434.jpg,520,390,hideandseek,143,135,414,220
IMG_20191002_091441.jpg,520,390,hideandseek,131,57,373,313
IMG_20191002_091447.jpg,520,390,hideandseek,207,42,303,324
IMG_20191002_091452.jpg,520,390,hideandseek,149,88,388,278
IMG_20191002_091457.jpg,520,390,hideandseek,124,118,411,210
IMG_20191002_091507.jpg,520,390,hideandseek,203,16,369,262
IMG_20191002_091512.jpg,520,390,hideandseek,113,118,422,231
IMG_20191002_091517.jpg,520,390,hideandseek,142,95,384,319
IMG_20191002_091521.jpg,520,390,hideandseek,170,66,311,339
IMG_20191002_091530.jpg,520,390,hideandseek,99,146,363,195
IMG_20191002_091554.jpg,390,520,hideandseek,81,193,367,293
IMG_20191002_091559.jpg,390,520,hideandseek,120,162,362,392
IMG_20191002_091602.jpg,390,520,hideandseek,153,145,285,408
IMG_20191002_091606.jpg,390,520,hideandseek,91,128,319,356
IMG_20191002_091610.jpg,390,520,hideandseek,69,168,377,281
IMG_20191002_091614.jpg,390,520,hideandseek,100,137,348,348
IMG_20191002_091618.jpg,390,520,hideandseek,185,105,293,365
IMG_20191002_091647.jpg,390,520,5star,159,186,278,297
IMG_20191002_091653.jpg,390,520,5star,182,171,237,293
IMG_20191002_091659.jpg,390,520,5star,141,172,259,283
IMG_20191002_091706.jpg,520,390,5star,189,123,260,241
IMG_20191002_091712.jpg,520,390,5star,153,137,260,243
IMG_20191002_091728.jpg,520,390,5star,177,161,298,206
IMG_20191002_091931.jpg,390,520,5star,151,102,236,136
IMG_20191002_091931.jpg,390,520,colgate,144,186,290,221
IMG_20191002_091931.jpg,390,520,hideandseek,153,246,302,327
IMG_20191002_091931.jpg,390,520,dettol,168,345,270,429
IMG_20191002_092043.jpg,390,520,colgate,135,64,263,269
IMG_20191002_092153.jpg,520,390,colgate,100,87,326,234
IMG_20191002_092204.jpg,520,390,colgate,198,88,261,303
IMG_20191002_092218.jpg,520,390,colgate,116,123,324,289
IMG_20191002_092240.jpg,520,390,colgate,47,71,255,246
IMG_20191002_092255.jpg,520,390,colgate,98,82,306,258
IMG_20191002_092323.jpg,520,390,colgate,232,53,271,281
IMG_20191002_092334.jpg,520,390,colgate,131,97,350,272
IMG_20191002_092358.jpg,520,390,colgate,138,158,363,198
IMG_20191002_092421.jpg,520,390,colgate,99,71,286,260
IMG_20191002_092442.jpg,520,390,colgate,173,48,334,254
IMG_20191002_092452.jpg,520,390,colgate,176,92,340,303
IMG_20191002_092502.jpg,520,390,colgate,120,179,338,236
IMG_20191002_092527.jpg,520,390,colgate,128,72,311,277
IMG_20191002_092606.jpg,390,520,colgate,108,132,321,308
IMG_20191002_092709.jpg,390,520,hideandseek,127,52,338,284
IMG_20191002_092802.jpg,390,520,hideandseek,80,164,330,386
IMG_20191002_092834.jpg,390,520,hideandseek,11,227,293,383
IMG_20191002_092849.jpg,390,520,hideandseek,20,245,296,390
IMG_20191002_092918.jpg,390,520,hideandseek,53,187,284,415
IMG_20191002_092937.jpg,390,520,hideandseek,109,154,208,397
IMG_20191002_093017.jpg,390,520,hideandseek,85,164,296,390
IMG_20191002_093204.jpg,520,390,hideandseek,108,132,321,333
IMG_20191002_093216.jpg,520,390,hideandseek,100,120,262,347
IMG_20191002_093256.jpg,520,390,hideandseek,208,82,264,340
IMG_20191002_093338.jpg,520,390,hideandseek,164,53,223,313
IMG_20191002_093436.jpg,520,390,hideandseek,210,69,412,308
IMG_20191002_093524.jpg,390,520,dettol,149,65,244,212
IMG_20191002_093544.jpg,390,520,dettol,133,156,278,284
IMG_20191002_093548.jpg,390,520,dettol,118,123,294,264
IMG_20191002_093614.jpg,390,520,dettol,119,152,274,310
IMG_20191002_093626.jpg,390,520,dettol,67,201,233,368
IMG_20191002_093641.jpg,390,520,dettol,52,256,244,384
IMG_20191002_093653.jpg,390,520,dettol,45,238,217,400
IMG_20191002_093709.jpg,390,520,dettol,74,210,167,350
IMG_20191002_093730.jpg,390,520,dettol,79,106,229,197
IMG_20191002_093822.jpg,390,520,dettol,93,129,257,278
IMG_20191002_093844.jpg,390,520,dettol,154,130,238,277
IMG_20191002_093857.jpg,390,520,dettol,70,193,234,331
IMG_20191002_093911.jpg,390,520,dettol,70,190,248,342
IMG_20191002_093925.jpg,390,520,dettol,92,156,226,318
IMG_20191002_094001.jpg,520,390,dettol,193,117,268,284
IMG_20191002_094038.jpg,520,390,dettol,286,171,398,348
IMG_20191002_094058.jpg,520,390,dettol,156,178,364,298
IMG_20191002_094108.jpg,520,390,dettol,140,184,296,239
IMG_20191002_101136.jpg,390,520,hideandseek,136,149,211,436
IMG_20191002_101244.jpg,520,390,hideandseek,169,100,457,346
IMG_20191002_101427.jpg,520,390,daburred,141,155,410,205
IMG_20191002_101452.jpg,520,390,daburred,183,69,376,310
IMG_20191002_101520.jpg,520,390,daburred,134,50,364,339
IMG_20191002_101554.jpg,520,390,daburred,170,177,454,223
IMG_20191002_101755.jpg,520,390,colgate,126,155,473,233
IMG_20191002_101813.jpg,520,390,colgate,195,58,452,355
IMG_20191002_101832.jpg,520,390,colgate,166,200,503,262
IMG_20191002_101847.jpg,520,390,colgate,178,97,469,362
IMG_20191002_101906.jpg,520,390,colgate,122,169,457,247
IMG_20191002_101917.jpg,520,390,colgate,55,98,425,346
IMG_20191002_102145.jpg,520,390,santoor,167,90,279,162
IMG_20191002_102156.jpg,520,390,santoor,160,79,296,230
IMG_20191002_102224.jpg,520,390,santoor,189,121,294,194
IMG_20191002_102236.jpg,520,390,santoor,192,93,307,219
IMG_20191002_102257.jpg,520,390,hideandseek,162,100,397,178
IMG_20191002_102305.jpg,520,390,hideandseek,177,47,381,237
IMG_20191002_102330.jpg,520,390,colgate,152,36,335,132
IMG_20191002_102343.jpg,520,390,colgate,145,159,361,200
IMG_20191002_102400.jpg,520,390,colgate,131,117,358,160
IMG_20191002_102409.jpg,520,390,colgate,153,59,341,266
IMG_20191002_102446.jpg,520,390,dettol,184,75,303,213
IMG_20191002_102507.jpg,520,390,dettol,179,146,321,242
IMG_20191002_102541.jpg,520,390,dettol,153,122,319,240
IMG_20191002_102607.jpg,390,520,dettol,89,231,207,296
IMG_20191002_102624.jpg,390,520,dettol,129,250,210,400
IMG_20191002_102728.jpg,390,520,dettol,111,152,219,276
IMG_20191002_102801.jpg,390,520,vim,106,124,185,255
IMG_20191002_102813.jpg,390,520,vim,83,130,229,259
IMG_20191002_102827.jpg,390,520,vim,74,157,229,308
IMG_20191002_102905.jpg,520,390,5star,232,125,353,166
IMG_20191002_102916.jpg,520,390,5star,229,93,340,221
IMG_20191002_102935.jpg,390,520,rin,94,134,182,327
IMG_20191002_102943.jpg,390,520,rin,27,171,243,371
IMG_20191002_102948.jpg,390,520,rin,68,162,269,336
IMG_20191002_102955.jpg,390,520,rin,104,164,161,396
IMG_20191002_103012.jpg,390,520,rin,88,146,183,312
IMG_20191002_103020.jpg,390,520,rin,58,158,228,318
IMG_20191002_103029.jpg,390,520,rin,86,149,296,230
IMG_20191002_103034.jpg,390,520,rin,104,124,265,279
IMG_20191002_103050.jpg,520,390,rin,221,96,365,178
IMG_20191002_103055.jpg,520,390,rin,210,76,346,232
IMG_20191002_103106.jpg,520,390,rin,190,92,355,240
IMG_20191002_103112.jpg,520,390,rin,213,88,322,235
IMG_20191002_103351.jpg,520,390,aswini,87,82,347,205
IMG_20191002_103402.jpg,520,390,aswini,107,72,329,289
IMG_20191002_103416.jpg,520,390,aswini,70,92,348,218
IMG_20191002_103426.jpg,520,390,aswini,120,44,351,261
IMG_20191002_103445.jpg,520,390,aswini,139,127,348,235
IMG_20191002_103453.jpg,520,390,aswini,131,88,345,235
IMG_20191002_103459.jpg,520,390,aswini,138,123,351,230
IMG_20191002_103506.jpg,520,390,aswini,126,52,303,246
IMG_20191002_103529.jpg,520,390,aswini,158,134,346,209
IMG_20191002_103535.jpg,520,390,aswini,176,77,319,231
IMG_20191002_103611.jpg,520,390,aswini,183,135,377,226
IMG_20191002_103753.jpg,520,390,hideandseek,189,151,258,312
IMG_20191002_103753.jpg,520,390,hideandseek,267,94,420,143
IMG_20191002_103812.jpg,520,390,hideandseek,142,85,441,159
IMG_20191002_103812.jpg,520,390,hideandseek,153,175,390,241
IMG_20191002_103838.jpg,520,390,hideandseek,141,98,437,188
IMG_20191002_103838.jpg,520,390,hideandseek,147,187,375,277
IMG_20191002_103857.jpg,520,390,hideandseek,139,128,412,210
IMG_20191002_103857.jpg,520,390,aswini,138,213,383,329
IMG_20191002_103920.jpg,520,390,hideandseek,138,78,420,161
IMG_20191002_103920.jpg,520,390,aswini,174,168,368,362
IMG_20191002_103953.jpg,520,390,aswini,182,127,437,245
IMG_20191002_103953.jpg,520,390,aswini,237,254,426,321
IMG_20191002_104023.jpg,520,390,colgate,103,83,458,175
IMG_20191002_104023.jpg,520,390,colgate,188,205,411,246
IMG_20191002_104036.jpg,520,390,colgate,206,205,389,376
IMG_20191002_104036.jpg,520,390,colgate,89,47,489,190
IMG_20191002_104053.jpg,520,390,colgate,126,32,469,133
IMG_20191002_104053.jpg,520,390,rin,249,205,399,289
IMG_20191002_104115.jpg,520,390,rin,220,114,425,201
IMG_20191002_104115.jpg,520,390,rin,241,207,377,286
IMG_20191002_104149.jpg,520,390,dettol,211,77,328,195
IMG_20191002_104149.jpg,520,390,5star,296,208,369,247
IMG_20191002_104215.jpg,520,390,dettol,260,125,390,206
IMG_20191002_104215.jpg,520,390,dettol,246,202,388,303
IMG_20191002_104231.jpg,520,390,daburred,225,50,307,316
IMG_20191002_104231.jpg,520,390,5star,324,195,379,274
IMG_20191002_104313.jpg,520,390,daburred,242,62,339,301
IMG_20191002_104313.jpg,520,390,vim,373,197,429,316
IMG_20191002_104327.jpg,520,390,aswini,156,79,451,216
IMG_20191002_104327.jpg,520,390,vim,228,218,422,314
IMG_20191002_104338.jpg,520,390,aswini,150,88,422,220
IMG_20191002_104338.jpg,520,390,santoor,253,229,409,321
IMG_20191002_104357.jpg,520,390,santoor,286,231,422,310
IMG_20191002_104357.jpg,520,390,hideandseek,119,69,495,219
IMG_20191002_104948.jpg,520,390,rin,265,73,399,149
IMG_20191002_104948.jpg,520,390,dettol,258,169,399,263
IMG_20191002_105021.jpg,520,390,vim,270,185,428,251
IMG_20191002_105021.jpg,520,390,rin,233,68,386,155
IMG_20191002_111150.jpg,520,390,colgate,135,65,366,379
IMG_20191002_111500.jpg,520,390,colgate,160,35,261,362
IMG_20191002_111526.jpg,520,390,aswini,145,87,403,226
IMG_20191002_111632.jpg,520,390,aswini,104,78,337,277
IMG_20191002_111720.jpg,520,390,aswini,119,67,229,261
IMG_20191002_111741.jpg,520,390,aswini,109,70,279,240
IMG_20191002_112103.jpg,520,390,aswini,154,155,237,323
IMG_20191002_112259.jpg,520,390,santoor,175,166,238,275
IMG_20191002_112305.jpg,520,390,santoor,137,161,249,290
IMG_20191002_112315.jpg,520,390,dettol,144,173,229,302
IMG_20191002_112322.jpg,520,390,dettol,110,158,269,314
IMG_20191002_112342.jpg,520,390,dettol,173,153,242,261
IMG_20191002_112347.jpg,520,390,dettol,108,153,245,282
IMG_20191002_112357.jpg,520,390,daburred,145,112,233,370
IMG_20191002_112403.jpg,520,390,daburred,103,94,283,329
IMG_20191002_112437.jpg,520,390,colgate,197,114,243,330
IMG_20191002_112441.jpg,520,390,colgate,121,133,296,332
IMG_20191002_112452.jpg,520,390,hideandseek,180,115,262,336
IMG_20191002_112456.jpg,520,390,hideandseek,120,116,313,355
IMG_20191002_112513.jpg,520,390,hideandseek,184,103,264,375
IMG_20191002_112518.jpg,520,390,hideandseek,119,83,337,352
IMG_20191002_112524.jpg,520,390,vim,169,162,248,291
IMG_20191002_112531.jpg,520,390,vim,137,152,297,298
IMG_20191002_112545.jpg,520,390,rin,174,141,248,330
IMG_20191002_112549.jpg,520,390,rin,122,132,306,338
IMG_20191002_112600.jpg,520,390,rin,190,153,263,323
IMG_20191002_112605.jpg,520,390,rin,135,132,321,317
IMG_20191002_112618.jpg,520,390,rin,187,166,277,313
IMG_20191002_112621.jpg,520,390,rin,126,155,309,321
IMG_20191002_112633.jpg,520,390,5star,180,176,222,297
IMG_20191002_112637.jpg,520,390,5star,138,178,273,288
IMG_20191002_113002.jpg,390,520,rin,114,194,322,295
IMG_20191002_113045.jpg,390,520,hideandseek,79,252,355,361
IMG_20191002_113045.jpg,390,520,vim,141,170,278,256
IMG_20191002_113054.jpg,390,520,vim,151,171,287,259
IMG_20191002_113054.jpg,390,520,5star,159,271,298,316
IMG_20191002_113105.jpg,390,520,vim,145,177,283,265
IMG_20191002_113105.jpg,390,520,rin,127,265,338,368
IMG_20191002_113121.jpg,390,520,aswini,100,160,357,287
IMG_20191002_113121.jpg,390,520,5star,140,308,282,349
IMG_20191002_113132.jpg,390,520,aswini,115,158,350,251
IMG_20191002_113132.jpg,390,520,daburred,78,292,299,334
IMG_20191002_113142.jpg,390,520,dettol,115,178,240,260
IMG_20191002_113142.jpg,390,520,daburred,74,280,321,334
IMG_20191002_113151.jpg,390,520,dettol,132,185,261,260
IMG_20191002_113151.jpg,390,520,santoor,156,282,270,348
IMG_20191002_113312.jpg,390,520,colgate,103,228,313,275
IMG_20191002_113312.jpg,390,520,santoor,138,288,253,357
IMG_20191002_113322.jpg,390,520,colgate,100,219,326,260
IMG_20191002_113322.jpg,390,520,dettol,150,288,263,354
IMG_20191002_113332.jpg,390,520,hideandseek,106,253,331,331
IMG_20191002_113332.jpg,390,520,colgate,55,376,374,424
IMG_20191002_113346.jpg,390,520,santoor,150,290,267,349
IMG_20191002_113346.jpg,390,520,colgate,66,385,327,430
IMG_20191002_114044.jpg,390,520,rin,112,179,174,301
IMG_20191002_114044.jpg,390,520,rin,189,156,271,319
IMG_20191002_114044.jpg,390,520,rin,278,151,350,338
IMG_20191002_114117.jpg,390,520,aswini,67,178,180,412
IMG_20191002_114117.jpg,390,520,aswini,182,204,282,421
IMG_20191002_114117.jpg,390,520,aswini,281,253,363,426
IMG_20191002_114121.jpg,390,520,aswini,59,158,179,406
IMG_20191002_114121.jpg,390,520,aswini,173,202,274,410
IMG_20191002_114121.jpg,390,520,aswini,272,240,378,419
IMG_20191006_020523_HDR.jpg,520,390,hideandseek,93,154,373,240
IMG_20191006_020554_HDR.jpg,520,390,hideandseek,94,13,369,196
IMG_20191006_020554_HDR.jpg,520,390,hideandseek,19,227,328,378
IMG_20191006_020611_HDR.jpg,520,390,hideandseek,198,25,322,335
IMG_20191006_020656_HDR.jpg,520,390,hideandseek,91,154,438,258
IMG_20191006_020702_HDR.jpg,520,390,hideandseek,101,148,444,263
IMG_20191006_020708_HDR.jpg,520,390,hideandseek,73,152,446,250
IMG_20191006_020716_HDR.jpg,520,390,hideandseek,207,32,314,352
IMG_20191006_020717_HDR.jpg,520,390,hideandseek,159,19,391,356
IMG_20191006_020735_HDR.jpg,520,390,daburred,97,172,436,264
IMG_20191006_020740_HDR.jpg,520,390,daburred,101,169,421,234
IMG_20191006_020745_HDR.jpg,520,390,daburred,93,152,445,238
IMG_20191006_020752_HDR.jpg,520,390,daburred,233,35,367,341
IMG_20191006_020759_HDR.jpg,520,390,daburred,88,67,377,320
IMG_20191006_020808_HDR.jpg,390,520,daburred,34,82,167,386
IMG_20191006_020808_HDR.jpg,390,520,hideandseek,197,131,372,444
IMG_20191006_020824_HDR.jpg,520,390,daburred,190,240,477,327
IMG_20191006_020824_HDR.jpg,520,390,hideandseek,62,88,191,284
IMG_20191006_020832_HDR.jpg,520,390,hideandseek,36,81,193,262
IMG_20191006_020832_HDR.jpg,520,390,daburred,196,215,468,308
IMG_20191006_020836_HDR.jpg,520,390,hideandseek,13,28,172,322
IMG_20191006_020836_HDR.jpg,520,390,dettol,278,52,419,205
IMG_20191006_020836_HDR.jpg,520,390,daburred,176,235,450,313
IMG_20191006_020855_HDR.jpg,520,390,hideandseek,104,37,243,301
IMG_20191006_020855_HDR.jpg,520,390,dettol,257,56,387,175
IMG_20191006_020855_HDR.jpg,520,390,daburred,252,178,465,375
IMG_20191006_020907_HDR.jpg,520,390,hideandseek,54,27,226,349
IMG_20191006_020907_HDR.jpg,520,390,dettol,242,36,387,156
IMG_20191006_020907_HDR.jpg,520,390,daburred,228,164,472,387
IMG_20191006_020921_HDR.jpg,520,390,hideandseek,105,43,199,323
IMG_20191006_020921_HDR.jpg,520,390,dettol,211,73,346,168
IMG_20191006_020921_HDR.jpg,520,390,daburred,254,172,441,372
IMG_20191006_020930_HDR.jpg,520,390,daburred,64,28,217,271
IMG_20191006_020930_HDR.jpg,520,390,colgate,153,222,416,376
IMG_20191006_020937_HDR.jpg,520,390,daburred,102,15,218,279
IMG_20191006_020937_HDR.jpg,520,390,colgate,242,72,450,388
IMG_20191006_020942_HDR.jpg,520,390,colgate,93,138,456,259
IMG_20191006_020948_HDR.jpg,390,520,colgate,60,132,363,404
IMG_20191006_020956_HDR.jpg,520,390,daburred,128,21,441,307
IMG_20191006_020958_HDR.jpg,390,520,colgate,68,112,355,427
IMG_20191006_021009_HDR.jpg,520,390,rin,69,106,182,311
IMG_20191006_021009_HDR.jpg,520,390,dettol,191,144,322,267
IMG_20191006_021009_HDR.jpg,520,390,vim,344,114,447,264
IMG_20191006_021018_HDR.jpg,520,390,rin,39,62,168,279
IMG_20191006_021018_HDR.jpg,520,390,dettol,170,98,317,231
IMG_20191006_021018_HDR.jpg,520,390,dettol,177,257,347,380
IMG_20191006_021018_HDR.jpg,520,390,vim,333,72,443,223
IMG_20191006_021033_HDR.jpg,520,390,santoor,100,29,231,126
IMG_20191006_021033_HDR.jpg,520,390,5star,100,162,230,232
IMG_20191006_021033_HDR.jpg,520,390,vim,251,66,362,211
IMG_20191006_021033_HDR.jpg,520,390,dettol,123,253,299,387
IMG_20191006_021049_HDR.jpg,520,390,5star,106,92,186,216
IMG_20191006_021049_HDR.jpg,520,390,dettol,191,213,294,357
IMG_20191006_021049_HDR.jpg,520,390,vim,264,50,373,194
IMG_20191006_021109_HDR.jpg,520,390,dettol,157,110,361,259
IMG_20191006_021118_HDR.jpg,520,390,dettol,158,144,353,271
IMG_20191006_021140_HDR.jpg,520,390,colgate,81,113,463,324
IMG_20191006_021156_HDR.jpg,520,390,rin,61,73,266,304
IMG_20191006_021156_HDR.jpg,520,390,hideandseek,265,43,469,277
IMG_20191006_021209_HDR.jpg,520,390,hideandseek,57,1,264,227
IMG_20191006_021209_HDR.jpg,520,390,rin,155,227,346,379
IMG_20191006_021209_HDR.jpg,520,390,daburred,279,93,487,315
IMG_20191006_021223_HDR.jpg,520,390,colgate,41,163,481,286
IMG_20191006_021231_HDR.jpg,520,390,colgate,41,118,490,242
IMG_20191006_021233_HDR.jpg,520,390,daburred,49,35,380,129
IMG_20191006_021233_HDR.jpg,520,390,colgate,93,183,503,304
IMG_20191006_021241_HDR.jpg,520,390,daburred,50,33,408,127
IMG_20191006_021241_HDR.jpg,520,390,colgate,66,181,510,286
IMG_20191006_021247.jpg,520,390,daburred,6,110,133,376
IMG_20191006_021247.jpg,520,390,santoor,179,4,305,123
IMG_20191006_021247.jpg,520,390,colgate,159,121,404,390
IMG_20191006_021255.jpg,390,520,rin,17,108,249,316
IMG_20191006_021255.jpg,390,520,dettol,136,267,312,438
IMG_20191006_021255.jpg,390,520,vim,205,33,365,238
IMG_20191006_021301.jpg,520,390,colgate,99,50,175,282
IMG_20191006_021301.jpg,520,390,hideandseek,194,1,453,111
IMG_20191006_021301.jpg,520,390,vim,211,257,396,381
IMG_20191006_021305.jpg,520,390,5star,125,127,443,271
IMG_20191006_021319.jpg,520,390,santoor,57,89,171,261
IMG_20191006_021319.jpg,520,390,rin,272,64,404,349
IMG_20191006_021328.jpg,520,390,santoor,35,130,193,327
IMG_20191006_021328.jpg,520,390,rin,217,118,520,262
IMG_20191006_021343.jpg,520,390,santoor,41,43,187,217
IMG_20191006_021343.jpg,520,390,dettol,203,247,380,386
IMG_20191006_021343.jpg,520,390,rin,194,9,471,154
IMG_20191006_021346.jpg,390,520,hideandseek,92,80,338,510
IMG_20191006_021407.jpg,520,390,vim,170,7,276,187
IMG_20191006_021407.jpg,520,390,5star,289,56,453,141
IMG_20191006_021407.jpg,520,390,rin,171,247,368,367
IMG_20191006_021424.jpg,390,520,rin,39,193,270,339
IMG_20191006_021430.jpg,390,520,rin,87,166,304,316
IMG_20191006_021439.jpg,520,390,rin,36,6,244,287
IMG_20191006_021439.jpg,520,390,santoor,249,81,392,246
IMG_20191006_021446.jpg,520,390,santoor,42,31,238,207
IMG_20191006_021446.jpg,520,390,rin,257,24,435,316
IMG_20191006_021453.jpg,390,520,dettol,143,149,283,343
IMG_20191006_021500.jpg,520,390,dettol,148,117,342,241
IMG_20191006_021510.jpg,520,390,colgate,53,129,458,239
IMG_20191006_021520.jpg,520,390,colgate,76,99,462,244
IMG_20191006_021525.jpg,520,390,rin,139,109,326,327
IMG_20191006_021525.jpg,520,390,colgate,1,103,107,196
IMG_20191006_021527.jpg,520,390,colgate,2,159,138,248
IMG_20191006_021527.jpg,520,390,santoor,186,74,332,227
IMG_20191006_021527.jpg,520,390,rin,146,166,329,339
IMG_20191006_021529.jpg,520,390,santoor,18,164,299,288
IMG_20191006_021529.jpg,520,390,santoor,333,91,458,197
IMG_20191006_021529.jpg,520,390,rin,318,159,454,289
IMG_20191006_021535.jpg,520,390,vim,194,102,362,283
IMG_20191006_021604.jpg,520,390,vim,65,146,144,274
IMG_20191006_021604.jpg,520,390,hideandseek,198,98,322,321
IMG_20191006_021604.jpg,520,390,daburred,350,96,459,343
IMG_20191006_021609.jpg,520,390,5star,131,24,224,138
IMG_20191006_021609.jpg,520,390,colgate,98,147,163,358
IMG_20191006_021609.jpg,520,390,hideandseek,199,123,481,321
IMG_20191006_021620.jpg,520,390,colgate,90,88,449,233
IMG_20191006_021627.jpg,520,390,rin,179,17,302,136
IMG_20191006_021627.jpg,520,390,rin,124,138,218,298
IMG_20191006_021627.jpg,520,390,dettol,243,210,349,313
IMG_20191006_021627.jpg,520,390,santoor,306,76,389,173
IMG_20191006_021636.jpg,520,390,hideandseek,141,127,395,251
IMG_20191006_021640.jpg,520,390,hideandseek,144,64,376,244
IMG_20191006_021644.jpg,520,390,hideandseek,139,115,407,258
IMG_20191006_021650.jpg,520,390,colgate,173,103,397,247
IMG_20191006_021654.jpg,520,390,colgate,187,136,411,253
IMG_20191006_021700.jpg,520,390,colgate,202,101,428,234
IMG_20191006_021705.jpg,520,390,colgate,161,89,433,255
IMG_20191006_021710.jpg,520,390,colgate,119,101,416,256
IMG_20191006_021715.jpg,520,390,colgate,129,97,409,245
IMG_20191006_021721.jpg,520,390,daburred,86,124,438,249
IMG_20191006_021725.jpg,520,390,daburred,100,136,416,293
IMG_20191006_021729.jpg,520,390,daburred,118,72,428,222
IMG_20191006_021735.jpg,520,390,hideandseek,139,78,410,285
IMG_20191006_021742.jpg,520,390,hideandseek,131,28,402,312
IMG_20191006_021750.jpg,520,390,hideandseek,107,144,490,276
IMG_20191006_021804.jpg,520,390,colgate,63,58,297,175
IMG_20191006_021804.jpg,520,390,daburred,151,157,410,377
IMG_20191006_021823.jpg,520,390,hideandseek,95,24,368,196
IMG_20191006_021823.jpg,520,390,hideandseek,137,186,398,342
IMG_20191006_021831.jpg,520,390,5star,157,151,365,245
IMG_20191006_021839.jpg,520,390,vim,156,92,408,294
IMG_20191006_021847.jpg,520,390,vim,141,124,396,296
IMG_20191006_021915.jpg,520,390,vim,69,88,436,323
IMG_20191006_021921.jpg,520,390,vim,110,121,421,197
IMG_20191006_021927.jpg,520,390,vim,53,76,462,178
IMG_20191006_021934.jpg,520,390,colgate,106,116,509,263
IMG_20191006_021941.jpg,520,390,colgate,31,81,498,257
IMG_20191006_021948.jpg,520,390,colgate,77,122,509,228
IMG_20191006_021955.jpg,520,390,hideandseek,76,109,494,232
IMG_20191006_022000.jpg,520,390,hideandseek,102,120,517,224
IMG_20191006_022005.jpg,520,390,hideandseek,159,132,520,238
IMG_20191006_022015.jpg,520,390,hideandseek,74,94,494,247
IMG_20191006_022021.jpg,520,390,hideandseek,116,134,479,246
IMG_20191006_022030.jpg,520,390,daburred,72,161,491,268
IMG_20191006_022036.jpg,520,390,daburred,63,158,503,268
IMG_20191006_022044.jpg,520,390,daburred,84,129,485,225
IMG_20191006_022053.jpg,520,390,5star,108,126,396,236
IMG_20191006_022058.jpg,520,390,5star,223,185,469,219
IMG_20191006_022109.jpg,520,390,rin,158,48,461,264
IMG_20191006_022114.jpg,520,390,rin,160,82,452,301
IMG_20191006_022119.jpg,520,390,rin,202,146,476,239
IMG_20191006_022125.jpg,520,390,rin,137,129,494,262
IMG_20191006_022131.jpg,520,390,santoor,111,82,398,271
IMG_20191006_022138.jpg,520,390,santoor,123,126,417,248
IMG_20191006_022147.jpg,520,390,colgate,71,118,461,237
IMG_20191006_022153.jpg,520,390,colgate,73,139,488,247
IMG_20191006_022200.jpg,520,390,colgate,66,164,467,264
IMG_20191006_022241.jpg,520,390,rin,87,67,515,263
IMG_20191006_022247.jpg,520,390,rin,67,128,502,252
IMG_20191006_022253.jpg,520,390,rin,79,119,497,272
IMG_20191006_022300.jpg,520,390,dettol,148,69,393,241
IMG_20191006_022306.jpg,520,390,dettol,166,141,399,256
IMG_20191006_022314.jpg,520,390,rin,79,35,437,254
IMG_20191006_022319.jpg,520,390,rin,154,122,463,239
IMG_20191006_022426.jpg,520,390,rin,51,86,220,250
IMG_20191006_022426.jpg,520,390,vim,277,62,371,192
IMG_20191006_022426.jpg,520,390,colgate,252,232,436,309
IMG_20191006_022433.jpg,520,390,hideandseek,1,22,182,81
IMG_20191006_022433.jpg,520,390,colgate,17,122,204,311
IMG_20191006_022433.jpg,520,390,dettol,172,254,241,357
IMG_20191006_022433.jpg,520,390,hideandseek,246,82,342,262
IMG_20191006_022433.jpg,520,390,daburred,307,265,495,390
IMG_20191006_022437.jpg,520,390,dettol,211,159,388,281
IMG_20191006_022449.jpg,520,390,colgate,178,36,393,111
IMG_20191006_022449.jpg,520,390,5star,87,198,218,304
IMG_20191006_022449.jpg,520,390,rin,263,163,436,313
IMG_20191006_022458.jpg,520,390,santoor,201,88,316,184
IMG_20191006_022458.jpg,520,390,rin,349,2,490,125
IMG_20191006_022458.jpg,520,390,daburred,54,284,292,390
IMG_20191006_022458.jpg,520,390,dettol,367,269,447,382
IMG_20191010_105455.jpg,520,390,hideandseek,85,157,441,246
IMG_20191010_105500.jpg,520,390,hideandseek,146,4,357,375
IMG_20191010_105505.jpg,520,390,hideandseek,126,7,365,360
IMG_20191010_105512.jpg,520,390,hideandseek,89,156,464,248
IMG_20191010_105517.jpg,520,390,hideandseek,115,72,422,334
IMG_20191010_105522.jpg,520,390,hideandseek,221,11,370,375
IMG_20191010_105528.jpg,520,390,hideandseek,232,4,337,373
IMG_20191010_105541.jpg,520,390,hideandseek,245,26,328,371
IMG_20191010_105549.jpg,520,390,hideandseek,37,186,486,286
IMG_20191010_105555.jpg,520,390,hideandseek,62,176,481,292
IMG_20191010_105601.jpg,520,390,hideandseek,80,195,492,297
IMG_20191010_105622.jpg,520,390,hideandseek,70,161,454,295
IMG_20191010_105626.jpg,520,390,hideandseek,146,8,382,368
IMG_20191010_105633.jpg,520,390,hideandseek,182,16,376,372
IMG_20191010_105643.jpg,520,390,hideandseek,46,94,470,232
IMG_20191010_105706.jpg,520,390,hideandseek,68,162,471,306
IMG_20191010_105719.jpg,520,390,hideandseek,157,17,409,383
IMG_20191010_105733.jpg,520,390,rin,138,112,415,263
IMG_20191010_105739.jpg,520,390,rin,115,112,436,344
IMG_20191010_105745.jpg,520,390,rin,187,92,408,363
IMG_20191010_105750.jpg,520,390,rin,195,74,390,345
IMG_20191010_105759.jpg,520,390,rin,180,77,371,353
IMG_20191010_105804.jpg,520,390,rin,111,114,452,306
IMG_20191010_105814.jpg,520,390,rin,86,178,484,258
IMG_20191010_105821.jpg,520,390,rin,116,183,476,258
IMG_20191010_105826.jpg,520,390,rin,241,31,324,372
IMG_20191010_105834.jpg,520,390,rin,53,192,498,284
IMG_20191010_105841.jpg,520,390,rin,70,171,496,268
IMG_20191010_105857.jpg,520,390,rin,96,129,471,297
IMG_20191010_105903.jpg,520,390,rin,202,6,411,370
IMG_20191010_105908.jpg,520,390,rin,159,4,449,372
IMG_20191010_105916.jpg,520,390,rin,86,134,481,307
IMG_20191010_105922.jpg,520,390,rin,64,156,509,263
IMG_20191010_105927.jpg,520,390,rin,251,7,355,381
IMG_20191010_105932.jpg,520,390,rin,82,143,491,263
IMG_20191010_105937.jpg,520,390,rin,47,128,478,272
IMG_20191010_105944.jpg,520,390,rin,228,8,353,390
IMG_20191010_105949.jpg,520,390,rin,67,122,511,286
IMG_20191010_105954.jpg,520,390,rin,166,8,403,387
IMG_20191010_110003.jpg,520,390,santoor,161,128,421,278
IMG_20191010_110006.jpg,390,520,santoor,26,211,297,409
IMG_20191010_110011.jpg,520,390,santoor,154,127,447,281
IMG_20191010_110018.jpg,520,390,santoor,165,132,456,305
IMG_20191010_110024.jpg,520,390,santoor,168,74,416,357
IMG_20191010_110028.jpg,520,390,santoor,149,136,465,311
IMG_20191010_110032.jpg,520,390,santoor,146,42,433,366
IMG_20191010_110043.jpg,520,390,vim,103,122,459,321
IMG_20191010_110054.jpg,520,390,vim,107,124,463,322
IMG_20191010_110058.jpg,520,390,vim,134,152,466,319
IMG_20191010_110103.jpg,520,390,vim,148,40,445,366
IMG_20191010_110109.jpg,520,390,vim,140,47,489,343
IMG_20191010_110114.jpg,520,390,vim,203,50,396,365
IMG_20191010_110120.jpg,520,390,vim,137,57,449,340
IMG_20191010_110127.jpg,520,390,vim,50,150,511,248
IMG_20191010_110136.jpg,520,390,vim,70,171,508,249
IMG_20191010_110143.jpg,520,390,vim,222,40,438,383
IMG_20191010_110150.jpg,520,390,vim,111,72,507,377
IMG_20191010_110156.jpg,520,390,vim,61,175,498,253
IMG_20191010_110202.jpg,520,390,vim,169,52,435,364
IMG_20191010_110212.jpg,520,390,vim,259,16,368,385
IMG_20191010_110221.jpg,520,390,vim,73,199,499,275
IMG_20191010_110244.jpg,520,390,5star,109,168,445,292
IMG_20191010_110249.jpg,520,390,5star,203,63,346,350
IMG_20191010_110256.jpg,520,390,5star,134,188,455,303
IMG_20191010_110300.jpg,520,390,5star,150,81,391,353
IMG_20191010_110309.jpg,520,390,5star,84,133,471,279
IMG_20191010_110313.jpg,520,390,5star,199,47,374,372
IMG_20191010_110317.jpg,520,390,5star,100,126,477,278
IMG_20191010_110321.jpg,520,390,5star,127,41,408,369
IMG_20191010_110325.jpg,520,390,5star,115,50,448,331
IMG_20191010_110337.jpg,520,390,dettol,134,122,428,290
IMG_20191010_110347.jpg,520,390,dettol,131,48,416,359
IMG_20191010_110353.jpg,520,390,dettol,203,45,401,337
IMG_20191010_110357.jpg,520,390,dettol,164,30,465,371
IMG_20191010_110403.jpg,520,390,dettol,145,120,474,317
IMG_20191010_110407.jpg,520,390,dettol,158,39,477,375
IMG_20191010_110411.jpg,520,390,dettol,206,59,415,358
IMG_20191010_110418.jpg,520,390,dettol,129,34,501,376
IMG_20191010_110425.jpg,520,390,dettol,103,178,500,284
IMG_20191010_110430.jpg,520,390,dettol,173,53,479,379
IMG_20191010_110435.jpg,520,390,dettol,264,20,381,368
IMG_20191010_110441.jpg,520,390,dettol,140,30,520,358
IMG_20191010_110529.jpg,520,390,dettol,121,189,464,290
IMG_20191010_110548.jpg,520,390,dettol,138,184,497,295
IMG_20191010_110558.jpg,520,390,dettol,121,84,491,311
IMG_20191010_110604.jpg,520,390,dettol,168,40,392,357
IMG_20191010_110608.jpg,520,390,dettol,135,113,472,314
IMG_20191010_110621.jpg,520,390,dettol,83,79,489,345
IMG_20191010_110632.jpg,520,390,dettol,173,11,421,351
IMG_20191010_110638.jpg,520,390,dettol,102,81,497,342
IMG_20191010_110644.jpg,520,390,dettol,192,30,414,348
IMG_20191010_110650.jpg,520,390,dettol,79,22,500,338
IMG_20191010_110655.jpg,520,390,dettol,114,17,489,369
IMG_20191010_110719.jpg,520,390,dettol,51,147,476,292
IMG_20191010_110754.jpg,520,390,colgate,38,189,475,291
IMG_20191010_110758.jpg,520,390,colgate,53,75,486,378
IMG_20191010_110806.jpg,520,390,colgate,215,19,334,375
IMG_20191010_110811.jpg,520,390,colgate,75,54,466,368
IMG_20191010_110816.jpg,520,390,colgate,73,188,482,293
IMG_20191010_110821.jpg,520,390,colgate,137,36,424,376
IMG_20191010_110828.jpg,520,390,colgate,216,32,310,375
IMG_20191010_110903.jpg,520,390,colgate,21,165,504,261
IMG_20191010_110910.jpg,520,390,colgate,89,8,431,376
IMG_20191010_110921.jpg,520,390,colgate,242,23,356,382
IMG_20191010_110926.jpg,520,390,colgate,86,48,490,349
IMG_20191010_110933.jpg,520,390,colgate,54,179,480,263
IMG_20191010_110940.jpg,520,390,colgate,74,75,485,358
IMG_20191010_110946.jpg,520,390,colgate,67,187,486,276
IMG_20191010_110951.jpg,520,390,colgate,112,61,471,375
IMG_20191010_110958.jpg,520,390,colgate,270,14,357,374
IMG_20191010_111002.jpg,520,390,colgate,83,114,499,317
IMG_20191010_111006.jpg,520,390,colgate,80,93,478,369
IMG_20191010_111013.jpg,520,390,colgate,237,14,380,380
IMG_20191010_111019.jpg,520,390,colgate,62,65,476,358
IMG_20191010_111041.jpg,520,390,colgate,105,178,447,249
IMG_20191010_111046.jpg,520,390,colgate,90,30,424,339
IMG_20191010_111051.jpg,520,390,colgate,234,7,369,369
IMG_20191010_111057.jpg,520,390,colgate,120,7,486,339
IMG_20191010_111103.jpg,520,390,colgate,56,124,471,232
IMG_20191010_111107.jpg,520,390,colgate,103,69,482,363
IMG_20191010_111112.jpg,520,390,colgate,229,11,343,356
IMG_20191010_111117.jpg,520,390,colgate,93,50,497,336
IMG_20191010_111121.jpg,520,390,colgate,52,137,486,252
IMG_20191010_111127.jpg,520,390,colgate,74,164,488,243
IMG_20191010_111132.jpg,520,390,colgate,106,35,481,354
IMG_20191010_111139.jpg,520,390,colgate,247,12,361,359
IMG_20191010_111144.jpg,520,390,colgate,132,7,465,356
IMG_20191010_111149.jpg,520,390,colgate,48,149,488,229
IMG_20191010_111153.jpg,520,390,colgate,68,58,483,353
IMG_20191010_111158.jpg,520,390,colgate,216,3,290,373
IMG_20191010_111223.jpg,520,390,colgate,16,104,516,211
IMG_20191010_111229.jpg,520,390,colgate,28,101,491,211
IMG_20191010_111241.jpg,520,390,colgate,15,146,508,250
IMG_20191010_111256.jpg,520,390,colgate,24,68,503,328
IMG_20191010_111303.jpg,520,390,daburred,77,175,473,265
IMG_20191010_111308.jpg,520,390,daburred,102,57,473,377
IMG_20191010_111314.jpg,520,390,daburred,228,7,327,356
IMG_20191010_111318.jpg,520,390,daburred,116,31,476,365
IMG_20191010_111327.jpg,520,390,daburred,80,161,487,263
IMG_20191010_111332.jpg,520,390,daburred,101,69,490,358
IMG_20191010_111337.jpg,520,390,daburred,254,3,347,373
IMG_20191010_111342.jpg,520,390,daburred,64,180,477,266
IMG_20191010_111347.jpg,520,390,daburred,118,40,464,346
IMG_20191010_111357.jpg,520,390,daburred,272,3,370,369
IMG_20191010_111401.jpg,520,390,daburred,95,132,489,297
IMG_20191010_111406.jpg,520,390,daburred,99,205,487,297
IMG_20191010_111410.jpg,520,390,daburred,128,104,479,348
IMG_20191010_111415.jpg,520,390,daburred,270,22,358,380
IMG_20191010_111421.jpg,520,390,daburred,92,187,504,269
IMG_20191010_111427.jpg,520,390,daburred,122,68,437,385
IMG_20191010_111431.jpg,520,390,daburred,247,8,332,371
IMG_20191010_111436.jpg,520,390,daburred,101,84,479,310
IMG_20191010_111439.jpg,520,390,daburred,66,190,488,271
IMG_20191010_111444.jpg,520,390,daburred,135,62,445,371
IMG_20191010_111447.jpg,520,390,daburred,155,33,428,374
IMG_20191010_111503.jpg,520,390,daburred,212,92,395,236
IMG_20191010_111509.jpg,520,390,daburred,220,58,419,232
IMG_20191010_111521.jpg,520,390,daburred,19,120,434,209
IMG_20191010_111528.jpg,520,390,daburred,41,108,496,209
IMG_20191010_111534.jpg,520,390,daburred,192,1,425,354
IMG_20191010_111537.jpg,520,390,daburred,211,10,438,377
IMG_20191010_111545.jpg,520,390,daburred,29,145,479,248
IMG_20191010_111603.jpg,520,390,colgate,75,111,495,213
IMG_20191010_111609.jpg,520,390,colgate,265,7,349,373
IMG_20191010_111618.jpg,520,390,colgate,36,152,509,262
IMG_20191010_111622.jpg,520,390,colgate,73,155,487,248
IMG_20191010_111626.jpg,520,390,colgate,1,94,486,313
IMG_20191010_111630.jpg,520,390,colgate,276,46,358,372
IMG_20191010_111639.jpg,520,390,colgate,253,148,410,284
IMG_20191010_111656.jpg,520,390,dettol,148,126,467,332
IMG_20191010_111704.jpg,520,390,dettol,187,141,462,313
IMG_20191010_111713.jpg,520,390,dettol,154,150,467,234
IMG_20191010_111719.jpg,520,390,dettol,253,156,497,224
IMG_20191010_111723.jpg,520,390,dettol,227,184,453,271
IMG_20191010_111732.jpg,520,390,vim,89,114,434,299
IMG_20191010_111736.jpg,520,390,vim,164,214,431,279
IMG_20191010_111742.jpg,520,390,vim,91,187,478,268
IMG_20191010_111746.jpg,520,390,vim,161,123,474,292
IMG_20191010_111801.jpg,520,390,santoor,101,108,456,321
IMG_20191010_111804.jpg,520,390,santoor,121,185,450,262
IMG_20191010_111807.jpg,520,390,santoor,103,211,495,290
IMG_20191010_111815.jpg,520,390,santoor,132,98,497,316
IMG_20191010_111824.jpg,520,390,rin,164,91,493,282
IMG_20191010_111828.jpg,520,390,rin,119,125,516,218
IMG_20191010_111832.jpg,520,390,rin,99,59,507,306
IMG_20191010_111835.jpg,520,390,rin,118,96,496,199
IMG_20191010_111840.jpg,520,390,rin,76,156,482,250
IMG_20191010_111849.jpg,520,390,rin,46,114,483,297
IMG_20191010_111854.jpg,520,390,rin,31,107,496,210
IMG_20191010_111858.jpg,520,390,rin,100,95,491,263
IMG_20191010_111906.jpg,520,390,rin,21,113,498,220
IMG_20191010_111912.jpg,520,390,rin,28,155,511,263
IMG_20191010_111923.jpg,520,390,hideandseek,90,124,519,232
IMG_20191010_111923.jpg,520,390,hideandseek,93,121,520,234
IMG_20191010_111925.jpg,520,390,hideandseek,49,135,503,246
IMG_20191010_111925.jpg,520,390,hideandseek,52,136,499,239
IMG_20191010_111927.jpg,520,390,hideandseek,229,9,336,390
IMG_20191010_111931.jpg,520,390,hideandseek,63,145,485,271
IMG_20191010_111933.jpg,520,390,hideandseek,115,37,489,261
IMG_20191010_111937.jpg,520,390,hideandseek,275,13,363,347
IMG_20191010_111945.jpg,520,390,5star,117,148,476,273
IMG_20191010_111948.jpg,520,390,5star,61,162,477,312
IMG_20191010_111952.jpg,520,390,5star,129,120,427,223
IMG_20191010_111958.jpg,520,390,hideandseek,60,100,499,242
IMG_20191010_112001.jpg,520,390,hideandseek,59,138,520,207
IMG_20191010_112018.jpg,520,390,hideandseek,47,85,480,268
IMG_20191010_112022.jpg,520,390,hideandseek,24,148,503,249
IMG_20191010_112522.jpg,520,390,hideandseek,130,43,231,381
IMG_20191010_112522.jpg,520,390,hideandseek,298,97,402,365
IMG_20191010_112529.jpg,520,390,hideandseek,151,243,460,349
IMG_20191010_112529.jpg,520,390,hideandseek,120,72,492,178
IMG_20191010_112538.jpg,520,390,hideandseek,82,76,452,170
IMG_20191010_112538.jpg,520,390,rin,134,232,403,347
IMG_20191010_112544.jpg,520,390,rin,339,37,468,306
IMG_20191010_112544.jpg,520,390,hideandseek,110,3,222,373
IMG_20191010_112602.jpg,520,390,colgate,73,73,498,175
IMG_20191010_112602.jpg,520,390,dettol,192,256,353,362
IMG_20191010_112618.jpg,390,520,dettol,134,238,275,323
IMG_20191010_112618.jpg,390,520,colgate,22,367,390,462
IMG_20191010_112618.jpg,390,520,dettol,128,90,285,199
IMG_20191010_112638.jpg,520,390,dettol,181,283,322,383
IMG_20191010_112638.jpg,520,390,dettol,264,152,399,240
IMG_20191010_112638.jpg,520,390,santoor,96,162,226,239
IMG_20191010_112638.jpg,520,390,colgate,109,28,458,117
IMG_20191010_112650.jpg,520,390,vim,89,82,229,300
IMG_20191010_112650.jpg,520,390,rin,279,100,428,323
IMG_20191010_112657.jpg,520,390,vim,126,19,244,211
IMG_20191010_112657.jpg,520,390,rin,296,1,434,206
IMG_20191010_112657.jpg,520,390,dettol,176,250,351,366
IMG_20191010_112715.jpg,520,390,daburred,169,29,267,361
IMG_20191010_112715.jpg,520,390,colgate,336,62,402,339
IMG_20191010_112722.jpg,520,390,daburred,105,88,471,175
IMG_20191010_112722.jpg,520,390,colgate,128,242,434,316
IMG_20191010_112731.jpg,520,390,colgate,171,58,232,337
IMG_20191010_112731.jpg,520,390,daburred,310,25,403,369
IMG_20191010_112749.jpg,520,390,vim,87,137,186,306
IMG_20191010_112749.jpg,520,390,5star,231,134,298,284
IMG_20191010_112749.jpg,520,390,rin,334,126,453,303
IMG_20191010_112757.jpg,520,390,rin,170,259,334,363
IMG_20191010_112757.jpg,520,390,5star,175,152,324,231
IMG_20191010_112757.jpg,520,390,vim,158,29,319,127
IMG_20191010_112816.jpg,520,390,vim,80,218,247,311
IMG_20191010_112816.jpg,520,390,rin,138,56,376,174
IMG_20191010_112816.jpg,520,390,dettol,328,232,500,345
IMG_20191010_112833.jpg,520,390,santoor,122,115,247,304
IMG_20191010_112833.jpg,520,390,5star,325,103,401,292
IMG_20191010_112840.jpg,520,390,5star,195,63,396,142
IMG_20191010_112840.jpg,520,390,santoor,205,217,403,338
IMG_20191013_182146.jpg,375,500,santoor,69,204,246,481
IMG_20191013_182154.jpg,375,500,santoor,113,160,272,395
IMG_20191013_182202.jpg,375,500,santoor,130,216,221,354
IMG_20191013_182207.jpg,375,500,santoor,59,88,333,345
IMG_20191013_182212.jpg,375,500,santoor,71,172,275,337
IMG_20191013_182217.jpg,375,500,santoor,71,157,262,326
IMG_20191013_182222.jpg,375,500,santoor,32,204,310,452
IMG_20191013_182236.jpg,375,500,santoor,62,139,329,376
IMG_20191013_182241.jpg,375,500,santoor,82,107,267,353
IMG_20191013_182257.jpg,500,375,santoor,126,71,417,352
IMG_20191013_182301.jpg,500,375,santoor,145,122,430,317
IMG_20191013_182305.jpg,500,375,santoor,132,77,442,366
IMG_20191013_182319.jpg,500,375,santoor,103,83,421,316
IMG_20191013_182324.jpg,500,375,santoor,192,91,319,288
IMG_20191013_184700.jpg,375,500,santoor,65,154,243,381
IMG_20191013_184708.jpg,375,500,santoor,109,313,224,472
IMG_20191013_184712.jpg,375,500,santoor,131,283,295,406
IMG_20191013_184717.jpg,375,500,santoor,82,132,312,383
IMG_20191013_184724.jpg,375,500,santoor,100,135,349,419
IMG_20191013_184728.jpg,375,500,santoor,45,179,331,378
IMG_20191013_184735.jpg,500,375,santoor,110,27,407,293
IMG_20191013_184742.jpg,500,375,santoor,111,92,355,290
IMG_20191013_184746.jpg,500,375,santoor,80,50,409,270
IMG_20191013_184754.jpg,500,375,santoor,63,102,379,330
IMG_20191013_184801.jpg,500,375,santoor,96,78,482,346
IMG_20191013_184807.jpg,500,375,santoor,44,82,487,331
IMG_20191013_184818.jpg,500,375,santoor,123,131,319,325
IMG_20191013_184842.jpg,500,375,santoor,299,142,361,233
IMG_20191013_184859.jpg,500,375,santoor,302,122,379,224
IMG_20191013_184925.jpg,500,375,santoor,218,40,457,322
IMG_20191013_184931.jpg,500,375,santoor,22,10,327,299
IMG_20191013_184940.jpg,500,375,santoor,146,138,244,262
IMG_20191013_184953.jpg,500,375,santoor,110,105,407,290
IMG_20191013_185001.jpg,500,375,santoor,106,102,432,303
IMG_20191013_185010.jpg,500,375,santoor,190,94,397,297
IMG_20191015_090818.jpg,520,390,5star,160,169,473,298
IMG_20191015_090823.jpg,520,390,5star,208,195,381,269
IMG_20191015_090830.jpg,520,390,5star,262,92,426,281
IMG_20191015_090833.jpg,520,390,5star,243,157,439,259
IMG_20191015_090912.jpg,520,390,5star,155,74,361,239
IMG_20191015_090916.jpg,520,390,5star,237,86,326,310
IMG_20191015_090921.jpg,520,390,5star,179,94,386,293
IMG_20191015_090926.jpg,520,390,5star,158,173,382,259
IMG_20191015_090931.jpg,520,390,5star,132,187,389,284
IMG_20191015_090945.jpg,520,390,5star,165,83,374,371
IMG_20191015_090955.jpg,520,390,5star,158,64,359,346
IMG_20191015_091027.jpg,520,390,5star,160,157,461,271
IMG_20191015_091032.jpg,520,390,5star,224,41,378,333
IMG_20191015_091038.jpg,520,390,5star,155,76,446,340
IMG_20191015_091042.jpg,520,390,5star,130,168,397,268
IMG_20191015_091045.jpg,520,390,5star,248,69,373,353
IMG_20191015_091049.jpg,520,390,5star,119,93,434,303
IMG_20191015_091053.jpg,520,390,5star,132,177,442,298
IMG_20191015_091110.jpg,520,390,5star,114,46,411,307
IMG_20191015_091116.jpg,520,390,5star,203,66,371,363
IMG_20191015_091120.jpg,520,390,5star,37,114,389,258
IMG_20191015_091123.jpg,520,390,5star,96,129,471,279
IMG_20191015_091138.jpg,520,390,5star,138,175,438,289
IMG_20191015_091142.jpg,520,390,5star,123,34,417,354
IMG_20191015_091145.jpg,390,520,5star,38,234,349,353
IMG_20191015_091150.jpg,520,390,5star,114,150,463,297
IMG_20191015_091155.jpg,520,390,5star,127,67,354,371
IMG_20191015_091214.jpg,520,390,daburred,18,1,415,257
IMG_20191015_091214.jpg,520,390,5star,156,251,356,370
IMG_20191015_091223.jpg,520,390,daburred,2,105,340,187
IMG_20191015_091223.jpg,520,390,5star,127,230,295,301
IMG_20191015_091223.jpg,520,390,vim,376,86,497,263
IMG_20191015_091231.jpg,520,390,daburred,23,68,348,219
IMG_20191015_091231.jpg,520,390,5star,163,254,324,356
IMG_20191015_091231.jpg,520,390,vim,347,97,496,267
IMG_20191015_091239.jpg,520,390,daburred,29,58,325,259
IMG_20191015_091239.jpg,520,390,5star,184,242,337,345
IMG_20191015_091239.jpg,520,390,vim,344,77,493,244
IMG_20191015_091300.jpg,520,390,daburred,64,162,467,268
IMG_20191015_091305.jpg,390,520,daburred,54,67,335,424
IMG_20191015_091309.jpg,520,390,daburred,236,33,314,363
IMG_20191015_091313.jpg,520,390,daburred,112,41,411,320
IMG_20191015_091318.jpg,520,390,daburred,96,154,434,244
IMG_20191015_091322.jpg,520,390,daburred,111,73,418,364
IMG_20191015_091325.jpg,520,390,daburred,206,33,292,382
IMG_20191015_091330.jpg,520,390,daburred,166,45,364,362
IMG_20191015_091335.jpg,520,390,daburred,93,161,470,262
IMG_20191015_091339.jpg,520,390,daburred,82,78,407,327
IMG_20191015_091346.jpg,390,520,daburred,21,238,377,313
IMG_20191015_091351.jpg,390,520,daburred,38,250,355,323
IMG_20191015_091356.jpg,390,520,daburred,73,133,379,453
IMG_20191015_091400.jpg,390,520,daburred,146,50,238,493
IMG_20191015_091404.jpg,390,520,daburred,82,56,255,448
IMG_20191015_091408.jpg,390,520,daburred,1,210,361,340
IMG_20191015_091411.jpg,390,520,daburred,45,113,376,401
IMG_20191015_091414.jpg,390,520,daburred,154,57,290,448
IMG_20191015_091417.jpg,390,520,daburred,86,92,332,436
IMG_20191015_091430.jpg,520,390,daburred,163,137,390,311
IMG_20191015_091450.jpg,520,390,daburred,113,181,476,268
IMG_20191015_091453.jpg,520,390,daburred,273,34,346,358
IMG_20191015_091456.jpg,520,390,daburred,182,62,446,371
IMG_20191015_091458.jpg,520,390,daburred,121,176,455,279
IMG_20191015_091504.jpg,520,390,daburred,126,183,456,266
IMG_20191015_091508.jpg,520,390,daburred,168,41,341,347
IMG_20191015_091517.jpg,520,390,daburred,117,155,481,239
IMG_20191015_091520.jpg,520,390,daburred,99,88,441,373
IMG_20191015_091522.jpg,520,390,daburred,241,22,333,382
IMG_20191015_091524.jpg,520,390,daburred,118,74,449,350
IMG_20191015_091528.jpg,520,390,daburred,148,136,481,213
IMG_20191015_091530.jpg,520,390,daburred,142,119,467,357
IMG_20191015_091536.jpg,520,390,vim,156,113,407,261
IMG_20191015_091541.jpg,520,390,vim,162,76,417,318
IMG_20191015_091546.jpg,520,390,vim,212,79,359,334
IMG_20191015_091551.jpg,520,390,vim,171,84,408,302
IMG_20191015_091555.jpg,520,390,vim,135,116,403,283
IMG_20191015_091559.jpg,520,390,vim,123,69,392,301
IMG_20191015_091602.jpg,520,390,vim,178,88,311,306
IMG_20191015_091700.jpg,520,390,daburred,67,134,468,247
IMG_20191015_091703.jpg,390,520,daburred,39,64,359,373
IMG_20191015_091708.jpg,390,520,daburred,12,195,369,302
IMG_20191015_091711.jpg,390,520,daburred,109,54,337,484
IMG_20191015_091714.jpg,390,520,daburred,95,48,279,477
IMG_20191015_091718.jpg,390,520,daburred,161,43,275,501
IMG_20191015_091722.jpg,390,520,daburred,39,117,383,456
IMG_20191015_091725.jpg,520,390,daburred,228,24,290,354
IMG_20191015_091728.jpg,520,390,daburred,144,16,444,311
IMG_20191015_091732.jpg,520,390,daburred,48,127,497,216
IMG_20191015_091736.jpg,520,390,daburred,45,108,484,221
IMG_20191015_091738.jpg,520,390,daburred,89,16,486,333
IMG_20191015_091741.jpg,520,390,daburred,176,4,364,369
IMG_20191015_091745.jpg,520,390,daburred,138,23,384,362
IMG_20191015_091747.jpg,520,390,daburred,66,126,459,217
IMG_20191015_091751.jpg,520,390,daburred,99,50,483,281
IMG_20191015_091755.jpg,520,390,daburred,163,21,439,368
IMG_20191015_091801.jpg,520,390,vim,129,105,413,274
IMG_20191015_091803.jpg,520,390,vim,156,64,426,342
IMG_20191015_091806.jpg,520,390,vim,192,48,349,318
IMG_20191015_091808.jpg,520,390,vim,144,56,409,314
IMG_20191015_091811.jpg,520,390,vim,172,103,421,244
IMG_20191015_091813.jpg,520,390,vim,137,55,388,329
IMG_20191015_091816.jpg,520,390,vim,153,72,308,327
IMG_20191015_091818.jpg,520,390,vim,134,71,422,303
IMG_20191015_091828.jpg,520,390,vim,88,106,388,271
IMG_20191015_091836.jpg,520,390,vim,98,103,404,280
IMG_20191015_091839.jpg,520,390,vim,114,62,430,329
IMG_20191015_091841.jpg,520,390,vim,179,16,363,294
IMG_20191015_091843.jpg,520,390,vim,121,58,430,342
IMG_20191015_091846.jpg,520,390,vim,40,37,374,318
IMG_20191015_091849.jpg,520,390,vim,162,68,322,346
IMG_20191015_091851.jpg,520,390,vim,111,49,397,279
IMG_20191015_091852.jpg,520,390,vim,121,78,415,268
